005930,삼성전자,3.31323E+14
000660,SK하이닉스,6.87962E+13
005935,삼성전자우,3.75648E+13
035420,NAVER,2.99136E+13
207940,삼성바이오로직스,2.79216E+13
005380,현대차,2.47855E+13
012330,현대모비스,2.38267E+13
068270,셀트리온,2.278E+13
051910,LG화학,2.19542E+13
005490,POSCO,2.06633E+13
028260,삼성물산,2.03917E+13
055550,신한지주,2.0272E+13
051900,LG생활건강,1.97258E+13
105560,KB금융,1.96053E+13
017670,SK텔레콤,1.88945E+13
015760,한국전력,1.81355E+13
034730,SK,1.80474E+13
000270,기아차,1.70253E+13
006400,삼성SDI,1.57471E+13
018260,삼성에스디에스,1.48952E+13
032830,삼성생명,1.466E+13
096770,SK이노베이션,1.38236E+13
035720,카카오,1.31476E+13
033780,KT&G,1.26996E+13
036570,엔씨소프트,1.2404E+13
003550,LG,1.23551E+13
090430,아모레퍼시픽,1.20717E+13
066570,LG전자,1.16354E+13
000810,삼성화재,1.12278E+13
086790,하나금융지주,1.08688E+13
010950,S-Oil,1.05265E+13
009150,삼성전기,9.52345E+12
009540,한국조선해양,9.16512E+12
316140,우리금융지주,8.16162E+12
010130,고려아연,8.02919E+12
251270,넷마블,7.76846E+12
011170,롯데케미칼,7.40349E+12
091990,셀트리온헬스케어,7.3979E+12
030200,KT,6.94557E+12
002790,아모레G,6.78631E+12
024110,기업은행,6.69502E+12
021240,웅진코웨이,6.66411E+12
035250,강원랜드,6.23637E+12
032640,LG유플러스,6.02524E+12
034220,LG디스플레이,5.81451E+12
018880,한온시스템,5.68497E+12
267250,현대중공업지주,5.39087E+12
086280,현대글로비스,5.175E+12
006800,미래에셋대우,4.97687E+12
078930,GS,4.67364E+12
028300,에이치엘비,4.63717E+12
000720,현대건설,4.56559E+12
010140,삼성중공업,4.5612E+12
029780,삼성카드,4.35629E+12
271560,오리온,4.11176E+12
004020,현대제철,4.11013E+12
088980,맥쿼리인프라,4.06637E+12
071050,한국금융지주,3.98998E+12
161390,한국타이어앤테크놀로지,3.95161E+12
004990,롯데지주,3.91836E+12
028050,삼성엔지니어링,3.773E+12
023530,롯데쇼핑,3.74826E+12
008770,호텔신라,3.74035E+12
097950,CJ제일제당,3.62806E+12
005830,DB손해보험,3.59664E+12
005940,NH투자증권,3.50354E+12
012750,에스원,3.46932E+12
128940,한미약품,3.44301E+12
241560,두산밥캣,3.43353E+12
036460,한국가스공사,3.42481E+12
139480,이마트,3.41479E+12
016360,삼성증권,3.40233E+12
035760,CJ ENM,3.39244E+12
000120,CJ대한통운,3.37623E+12
047810,한국항공우주,3.30928E+12
011070,LG이노텍,3.30156E+12
081660,휠라코리아,3.22688E+12
009830,한화케미칼,3.1004E+12
000210,대림산업,3.05544E+12
003670,포스코케미칼,3.04026E+12
007070,GS리테일,3.003E+12
042660,대우조선해양,2.94816E+12
000100,유한양행,2.94513E+12
282330,BGF리테일,2.92098E+12
004170,신세계,2.87972E+12
005387,현대차2우B,2.86776E+12
003410,쌍용양회,2.74603E+12
001040,CJ,2.70179E+12
030000,제일기획,2.64595E+12
003490,대한항공,2.58926E+12
002380,KCC,2.46495E+12
008930,한미사이언스,2.46347E+12
006360,GS건설,2.44298E+12
138930,BNK금융지주,2.44125E+12
263750,펄어비스,2.41837E+12
028670,팬오션,2.40556E+12
012510,더존비즈온,2.36491E+12
008560,메리츠종금증권,2.33343E+12
011780,금호석유,2.32164E+12
047050,포스코인터내셔널,2.31945E+12
180640,한진칼,2.31061E+12
079440,오렌지라이프,2.2837E+12
001450,현대해상,2.27523E+12
253450,스튜디오드래곤,2.24771E+12
032500,케이엠더블유,2.2449E+12
069960,현대백화점,2.00325E+12
000080,하이트진로,2.00231E+12
088350,한화생명,1.98025E+12
007310,오뚜기,1.97567E+12
047040,대우건설,1.95135E+12
000060,메리츠화재,1.94961E+12
084990,헬릭스미스,1.94877E+12
020150,일진머티리얼즈,1.92513E+12
036490,SK머티리얼즈,1.90913E+12
009420,한올바이오파마,1.88066E+12
011790,SKC,1.8711E+12
000880,한화,1.84024E+12
017800,현대엘리베이,1.83867E+12
010620,현대미포조선,1.82536E+12
086900,메디톡스,1.81082E+12
034230,파라다이스,1.80976E+12
007700,F&F,1.8095E+12
012450,한화에어로스페이스,1.79687E+12
039490,키움증권,1.77903E+12
005385,현대차우,1.73907E+12
051600,한전KPS,1.737E+12
240810,원익IPS,1.70812E+12
145020,휴젤,1.67218E+12
026960,동서,1.66998E+12
140410,메지온,1.66371E+12
009240,한샘,1.63325E+12
031430,신세계인터내셔날,1.62435E+12
051905,LG생활건강우,1.61467E+12
004800,효성,1.60561E+12
056190,에스에프에이,1.60153E+12
138040,메리츠금융지주,1.59856E+12
204320,만도,1.59419E+12
010120,LS산전,1.59E+12
069620,대웅제약,1.56998E+12
006280,녹십자,1.53678E+12
006260,LS,1.50857E+12
082270,젬백스,1.50853E+12
010060,OCI,1.49774E+12
036830,솔브레인,1.47537E+12
095700,제넥신,1.47082E+12
111770,영원무역,1.46893E+12
001740,SK네트웍스,1.4519E+12
004370,농심,1.43246E+12
098460,고영,1.41295E+12
214320,이노션,1.382E+12
078340,컴투스,1.33682E+12
120110,코오롱인더,1.32871E+12
068760,셀트리온제약,1.32777E+12
013890,지누스,1.32549E+12
051915,LG화학우,1.32247E+12
064350,현대로템,1.31325E+12
011210,현대위아,1.29992E+12
067630,에이치엘비생명과학,1.29879E+12
000240,한국테크놀로지그룹,1.29298E+12
181710,NHN,1.28738E+12
039030,이오테크닉스,1.24304E+12
000990,DB하이텍,1.2254E+12
020560,아시아나항공,1.21458E+12
114090,GKL,1.21237E+12
000670,영풍,1.21206E+12
014680,한솔케미칼,1.20294E+12
003240,태광산업,1.20136E+12
011200,현대상선,1.19498E+12
139130,DGB금융지주,1.19417E+12
073240,금호타이어,1.18351E+12
034020,두산중공업,1.15628E+12
003520,영진약품,1.1504E+12
042670,두산인프라코어,1.14281E+12
004000,롯데정밀화학,1.13262E+12
272210,한화시스템,1.12986E+12
000150,두산,1.12858E+12
005440,현대그린푸드,1.12849E+12
294870,HDC현대산업개발,1.10944E+12
001800,오리온홀딩스,1.10256E+12
005300,롯데칠성,1.0951E+12
003690,코리안리,1.09054E+12
161890,한국콜마,1.08686E+12
298380,에이비엘바이오,1.07595E+12
175330,JB금융지주,1.06765E+12
247540,에코프로비엠,1.05452E+12
330590,롯데리츠,1.04901E+12
178920,SKC코오롱PI,1.03369E+12
307950,현대오토에버,1.0185E+12
032350,롯데관광개발,1.01835E+12
241590,화승엔터프라이즈,1.01399E+12
005250,녹십자홀딩스,1.01111E+12
010780,아이에스동서,1.00092E+12
084850,아이티엠반도체,9.88455E+11
215600,신라젠,9.87625E+11
284740,쿠쿠홈시스,9.74902E+11
185750,종근당,9.74807E+11
090435,아모레퍼시픽우,9.73432E+11
046890,서울반도체,9.6787E+11
057050,현대홈쇼핑,9.672E+11
170900,동아에스티,9.58379E+11
028150,GS홈쇼핑,9.56813E+11
058470,리노공업,9.52648E+11
280360,롯데제과,9.46466E+11
041960,코미팜,9.39688E+11
196170,알테오젠,9.36641E+11
192080,더블유게임즈,9.14851E+11
009410,태영건설,8.977E+11
025980,아난티,8.93005E+11
214150,클래시스,8.91447E+11
003000,부광약품,8.76733E+11
002350,넥센타이어,8.74127E+11
041510,에스엠,8.72228E+11
023590,다우기술,8.61439E+11
218410,RFHIC,8.60658E+11
035900,JYP Ent.,8.58979E+11
049770,동원F&B,8.58655E+11
005850,에스엘,8.55608E+11
005290,동진쎄미켐,8.38056E+11
069260,휴켐스,8.35967E+11
096530,씨젠,8.26372E+11
030190,NICE평가정보,8.22686E+11
214370,케어젠,8.2184E+11
192820,코스맥스,8.19035E+11
006040,동원산업,8.09081E+11
008060,대덕전자,8.03472E+11
001680,대상,7.91707E+11
086450,동국제약,7.8872E+11
034310,NICE,7.87952E+11
285130,SK케미칼,7.86674E+11
200130,콜마비앤에이치,7.85859E+11
020000,한섬,7.78308E+11
000250,삼천당제약,7.78125E+11
018250,애경산업,7.77773E+11
018670,SK가스,7.75223E+11
022100,포스코 ICT,7.72336E+11
016380,동부제철,7.70069E+11
052690,한전기술,7.66311E+11
115450,지트리비앤티,7.65338E+11
085660,차바이오텍,7.63592E+11
053800,안랩,7.61053E+11
093370,후성,7.60302E+11
003380,하림지주,7.59904E+11
115390,락앤락,7.58612E+11
003090,대웅,7.52939E+11
192400,쿠쿠홀딩스,7.4325E+11
006650,대한유화,7.41E+11
005610,SPC삼립,7.36917E+11
078130,국일제지,7.36447E+11
064760,티씨케이,7.29688E+11
014820,동원시스템즈,7.28847E+11
085620,미래에셋생명,7.23996E+11
079550,LIG넥스원,7.227E+11
079160,CJ CGV,7.19485E+11
071840,롯데하이마트,7.17674E+11
091700,파트론,7.14865E+11
003850,보령제약,7.1383E+11
090460,비에이치,7.108E+11
089590,제주항공,6.99772E+11
003230,삼양식품,6.97557E+11
336370,두산솔루스,6.97446E+11
067160,아프리카TV,6.95433E+11
105630,한세실업,6.9E+11
033660,아주캐피탈,6.79042E+11
039200,오스코텍,6.73067E+11
267980,매일유업,6.72984E+11
103140,풍산,6.65577E+11
112610,씨에스윈드,6.58586E+11
298020,효성티앤씨,6.57808E+11
097520,엠씨넥스,6.45765E+11
012630,HDC,6.45211E+11
108320,실리콘웍스,6.43253E+11
000400,롯데손해보험,6.39293E+11
000640,동아쏘시오홀딩스,6.38383E+11
064960,S&T모티브,6.36838E+11
213420,덕산네오룩스,6.36265E+11
006060,화승인더,6.3618E+11
009970,영원무역홀딩스,6.361E+11
082640,동양생명,6.34946E+11
278280,천보,6.29E+11
286940,롯데정보통신,6.18163E+11
033640,네패스,6.15681E+11
033180,필룩스,6.14865E+11
039130,하나투어,6.13335E+11
039840,디오,6.13182E+11
036540,SFA반도체,6.11857E+11
267270,현대건설기계,6.07769E+11
003540,대신증권,6.06742E+11
001060,JW중외제약,6.03445E+11
145720,덴티움,5.89969E+11
058820,CMG제약,5.86125E+11
083790,크리스탈,5.83715E+11
001120,LG상사,5.83338E+11
048260,오스템임플란트,5.82857E+11
009450,경동나비엔,5.81559E+11
003470,유안타증권,5.76834E+11
000070,삼양홀딩스,5.71237E+11
005180,빙그레,5.66446E+11
183490,엔지켐생명과학,5.65867E+11
00680K,미래에셋대우2우B,5.649E+11
001230,동국제강,5.63053E+11
036420,제이콘텐트리,5.61869E+11
069080,웹젠,5.59678E+11
210980,SK디앤디,5.57361E+11
001820,삼화콘덴서,5.57172E+11
178320,서진시스템,5.5569E+11
005880,대한해운,5.54482E+11
071320,지역난방공사,5.4999E+11
031390,녹십자셀,5.43337E+11
237690,에스티팜,5.41957E+11
078160,메디포스트,5.40377E+11
141080,레고켐바이오,5.39314E+11
066970,엘앤에프,5.37264E+11
001440,대한전선,5.34439E+11
001430,세아베스틸,5.34346E+11
027410,BGF,5.32185E+11
093050,LF,5.27782E+11
230360,에코마케팅,5.21606E+11
000815,삼성화재우,5.187E+11
034830,한국토지신탁,5.17603E+11
145990,삼양사,5.17577E+11
112040,위메이드,5.1744E+11
005690,파미셀,5.16846E+11
122870,와이지엔터테인먼트,5.16812E+11
271980,제일약품,5.16141E+11
001720,신영증권,5.14366E+11
019680,대교,5.14146E+11
033290,코웰패션,5.13136E+11
060720,KH바텍,5.11008E+11
004490,세방전지,5.11E+11
006390,한일현대시멘트,5.08844E+11
006120,SK디스커버리,5.02599E+11
084680,이월드,4.99615E+11
243070,휴온스,4.98599E+11
108670,LG하우시스,4.97706E+11
298050,효성첨단소재,4.97274E+11
086520,에코프로,4.97029E+11
060250,NHN한국사이버결제,4.96182E+11
095610,테스,4.95194E+11
001630,종근당홀딩스,4.89964E+11
950160,코오롱티슈진,4.89552E+11
029960,코엔텍,4.89E+11
265520,AP시스템,4.88708E+11
268600,셀리버리,4.86411E+11
066575,LG전자우,4.86364E+11
042000,카페24,4.82847E+11
336260,두산퓨얼셀,4.8224E+11
272290,이녹스첨단소재,4.81009E+11
060980,한라홀딩스,4.80668E+11
263050,유틸렉스,4.78494E+11
048410,현대바이오,4.78111E+11
228760,지노믹트리,4.77671E+11
215200,메가스터디교육,4.74057E+11
038540,상상인,4.73057E+11
006730,서부T&D,4.72339E+11
002270,롯데푸드,4.6916E+11
023890,한국아트라스비엑스,4.67565E+11
092040,아미코젠,4.6673E+11
037560,CJ헬로,4.63907E+11
006840,AK홀딩스,4.63002E+11
011160,두산건설,4.60206E+11
044340,위닉스,4.59347E+11
035600,KG이니시스,4.57633E+11
272450,진에어,4.575E+11
281820,케이씨텍,4.57297E+11
042700,한미반도체,4.56074E+11
151910,나노스,4.54843E+11
025540,한국단자,4.5149E+11
235980,메드팩토,4.50345E+11
094800,맵스리얼티1,4.49782E+11
003530,한화투자증권,4.47332E+11
298000,효성화학,4.46618E+11
226320,잇츠한불,4.3749E+11
290510,코리아센터,4.37365E+11
017810,풀무원,4.36141E+11
030530,원익홀딩스,4.35622E+11
007460,에이프로젠 KIC,4.32718E+11
007570,일양약품,4.3229E+11
048530,인트론바이오,4.30654E+11
010050,우리종금,4.30142E+11
068240,다원시스,4.26875E+11
088260,이리츠코크렙,4.26289E+11
097230,한진중공업,4.23033E+11
200230,텔콘RF제약,4.22561E+11
043150,바텍,4.21118E+11
122990,와이솔,4.19762E+11
002210,동성제약,4.19739E+11
002960,한국쉘석유,4.186E+11
002240,고려제강,4.18E+11
215000,골프존,4.17315E+11
014830,유니드,4.156E+11
053210,스카이라이프,4.15573E+11
192650,드림텍,4.1219E+11
024720,한국콜마홀딩스,4.11699E+11
096760,JW홀딩스,4.09708E+11
002990,금호산업,4.07199E+11
321550,티움바이오,4.07028E+11
267260,현대일렉트릭,4.0553E+11
025860,남해화학,4.04883E+11
008490,서흥,4.01448E+11
007390,네이처셀,4.01409E+11
138080,오이솔루션,3.97038E+11
078070,유비쿼스홀딩스,3.96369E+11
081000,일진다이아,3.95553E+11
148150,세경하이테크,3.94664E+11
102710,이엔에프테크놀로지,3.94111E+11
015350,부산가스,3.938E+11
074600,원익QnC,3.93006E+11
051370,인터플렉스,3.89569E+11
038500,삼표시멘트,3.8917E+11
108230,톱텍,3.882E+11
237880,클리오,3.87716E+11
300720,한일시멘트,3.87555E+11
144510,녹십자랩셀,3.87334E+11
00279K,아모레G3우(전환),3.86525E+11
003800,에이스침대,3.84823E+11
126560,현대에이치씨엔,3.84345E+11
034120,SBS,3.84217E+11
268280,미원에스씨,3.83502E+11
019170,신풍제약,3.83081E+11
036930,주성엔지니어링,3.82616E+11
249420,일동제약,3.81997E+11
084370,유진테크,3.7926E+11
092730,네오팜,3.76718E+11
023410,유진기업,3.76504E+11
084110,휴온스글로벌,3.76241E+11
293940,신한알파리츠,3.74373E+11
029530,신도리코,3.72457E+11
001725,신영증권우,3.71733E+11
045390,대아티아이,3.70699E+11
008350,남선알미늄,3.691E+11
072710,농심홀딩스,3.68704E+11
293480,하나제약,3.6855E+11
123890,한국자산신탁,3.68466E+11
095660,네오위즈,3.68172E+11
095720,웅진씽크빅,3.67635E+11
950180,SNK,3.67528E+11
122900,아이마켓코리아,3.66622E+11
004430,송원산업,3.66E+11
104830,원익머트리얼즈,3.65632E+11
131970,테스나,3.65105E+11
244460,올리패스,3.62998E+11
013120,동원개발,3.62778E+11
047310,파워로직스,3.59699E+11
293780,압타바이오,3.59097E+11
061970,엘비세미콘,3.58596E+11
017390,서울가스,3.585E+11
166090,하나머티리얼즈,3.58205E+11
002320,한진,3.57443E+11
065660,안트로젠,3.57256E+11
017960,한국카본,3.56961E+11
000480,조선내화,3.56E+11
008730,율촌화학,3.5588E+11
099190,아이센스,3.51673E+11
143240,사람인에이치알,3.51355E+11
009290,광동제약,3.49123E+11
018290,브이티지엠피,3.48997E+11
100120,뷰웍스,3.47565E+11
005500,삼진제약,3.475E+11
317330,덕산테코피아,3.45496E+11
230240,에치에프알,3.43285E+11
086820,바이오솔루션,3.41914E+11
002780,진흥기업,3.41859E+11
288330,브릿지바이오테라퓨틱스,3.41051E+11
004690,삼천리,3.40217E+11
319660,피에스케이,3.38119E+11
039440,에스티아이,3.37971E+11
016800,퍼시스,3.37525E+11
003220,대원제약,3.37215E+11
214450,파마리서치프로덕트,3.36329E+11
088800,에이스테크,3.36122E+11
213500,한솔제지,3.35588E+11
080160,모두투어,3.3264E+11
025900,동화기업,3.32263E+11
003060,에이프로젠제약,3.31072E+11
030610,교보증권,3.3084E+11
052260,SK바이오랜드,3.3075E+11
051500,CJ프레시웨이,3.3003E+11
017940,E1,3.2928E+11
001520,동양,3.28191E+11
152330,코리아오토글라스,3.27E+11
000370,한화손해보험,3.26285E+11
005720,넥센,3.23406E+11
182400,엔케이맥스,3.23242E+11
138250,엔에스쇼핑,3.22134E+11
060150,인선이엔티,3.21719E+11
123860,아나패스,3.21048E+11
041830,인바디,3.202E+11
060570,드림어스컴퍼니,3.20121E+11
097780,에스맥,3.1997E+11
032190,다우데이타,3.19422E+11
012610,경인양행,3.19357E+11
040910,아이씨디,3.17988E+11
003920,남양유업,3.1644E+11
192440,슈피겐코리아,3.16413E+11
119860,다나와,3.16411E+11
011280,태림포장,3.16149E+11
058650,세아홀딩스,3.156E+11
006490,인스코비,3.15048E+11
179900,유티아이,3.14918E+11
002390,한독,3.12432E+11
234080,JW생명과학,3.11941E+11
950170,JTC,3.11899E+11
000140,하이트진로홀딩스,3.0865E+11
003620,쌍용차,3.07921E+11
086390,유니테스트,3.05388E+11
00088K,한화3우B,3.04496E+11
298690,에어부산,3.03047E+11
082800,루미마이크로,3.01834E+11
002150,도화엔지니어링,3.00782E+11
001880,삼호,3.00559E+11
032620,유비케어,2.98046E+11
033270,유나이티드제약,2.97854E+11
111710,남화산업,2.97497E+11
082920,비츠로셀,2.9724E+11
009680,모토닉,2.97E+11
014620,성광벤드,2.9601E+11
078020,이베스트투자증권,2.95715E+11
002840,미원상사,2.95613E+11
00104K,CJ4우(전환),2.95011E+11
119610,인터로조,2.94958E+11
053580,웹케시,2.94557E+11
183190,아세아시멘트,2.94134E+11
052020,에스티큐브,2.93227E+11
007340,디티알오토모티브,2.92824E+11
001500,현대차증권,2.92784E+11
002810,삼영무역,2.92271E+11
115960,연우,2.91353E+11
004710,한솔테크닉스,2.90915E+11
015750,성우하이텍,2.908E+11
070960,용평리조트,2.90725E+11
016450,한세예스24홀딩스,2.904E+11
002310,아세아제지,2.89743E+11
001510,SK증권,2.89698E+11
050890,쏠리드,2.89628E+11
101060,SBS미디어홀딩스,2.88886E+11
016580,환인제약,2.88301E+11
140860,파크시스템스,2.8793E+11
078520,에이블씨엔씨,2.87906E+11
011690,유양디앤유,2.8777E+11
036800,나이스정보통신,2.875E+11
033500,동성화인텍,2.87375E+11
052710,아모텍,2.86456E+11
035810,이지바이오,2.86451E+11
214870,뉴지랩,2.86217E+11
049950,미래컴퍼니,2.84234E+11
007810,코리아써키트,2.83449E+11
087010,펩트론,2.82774E+11
174900,앱클론,2.82017E+11
228670,레이,2.81433E+11
079430,현대리바트,2.80307E+11
089600,나스미디어,2.77086E+11
101490,에스앤에스텍,2.76295E+11
189300,인텔리안테크,2.75982E+11
039560,다산네트웍스,2.75873E+11
031440,신세계푸드,2.75721E+11
005070,코스모신소재,2.75516E+11
007690,국도화학,2.74842E+11
195870,해성디에스,2.737E+11
121800,비덴트,2.73632E+11
208340,파멥신,2.72977E+11
023160,태광,2.7295E+11
143160,아이디스,2.72732E+11
009580,무림P&P,2.71926E+11
226950,올릭스,2.71653E+11
220630,해마로푸드서비스,2.70813E+11
002620,제일파마홀딩스,2.6995E+11
037710,광주신세계,2.696E+11
161000,애경유화,2.68495E+11
234340,세틀뱅크,2.67353E+11
102460,이연제약,2.66643E+11
239610,에이치엘사이언스,2.66363E+11
025000,KPX케미칼,2.662E+11
038290,마크로젠,2.65667E+11
089030,테크윙,2.65633E+11
005810,풍산홀딩스,2.64829E+11
003560,IHQ,2.64687E+11
091810,티웨이항공,2.64468E+11
074610,나노메딕스,2.64288E+11
025770,한국정보통신,2.642E+11
000050,경방,2.62912E+11
222800,심텍,2.61659E+11
034950,한국기업평가,2.61534E+11
255440,야스,2.60507E+11
299660,셀리드,2.59583E+11
229640,LS전선아시아,2.59393E+11
001360,삼성제약,2.57804E+11
063570,한국전자금융,2.56791E+11
068400,AJ렌터카,2.5579E+11
068290,삼성출판사,2.55E+11
066700,테라젠이텍스,2.54756E+11
003300,한일홀딩스,2.5446E+11
298040,효성중공업,2.53628E+11
004700,조광피혁,2.53332E+11
071055,한국금융지주우,2.53076E+11
001130,대한제분,2.52655E+11
002100,경농,2.51624E+11
029460,케이씨,2.51428E+11
080420,모다이노칩,2.51123E+11
053030,바이넥스,2.51072E+11
078600,대주전자재료,2.51009E+11
016590,신대양제지,2.50652E+11
243840,신흥에스이씨,2.50075E+11
010170,대한광통신,2.49984E+11
115180,큐리언트,2.4971E+11
036530,S&T홀딩스,2.49449E+11
089010,켐트로닉스,2.48458E+11
136480,하림,2.48231E+11
086980,쇼박스,2.47896E+11
004380,삼익THK,2.478E+11
015860,일진홀딩스,2.47231E+11
030520,한글과컴퓨터,2.46847E+11
041140,넥슨지티,2.46552E+11
950110,SBI핀테크솔루션즈,2.45826E+11
042520,한스바이오메드,2.44591E+11
003070,코오롱글로벌,2.43281E+11
001940,KISCO홀딩스,2.42041E+11
183300,코미코,2.41313E+11
052400,코나아이,2.41166E+11
033920,무학,2.4111E+11
000155,두산우,2.40587E+11
236200,슈프리마,2.40227E+11
013030,하이록코리아,2.38912E+11
095570,AJ네트웍스,2.38794E+11
251970,펌텍코리아,2.387E+11
088290,이원컴포텍,2.38652E+11
300120,라온피플,2.38648E+11
078150,HB테크놀러지,2.37761E+11
002030,아세아,2.36631E+11
267850,아시아나IDT,2.3643E+11
084690,대상홀딩스,2.36106E+11
085370,루트로닉,2.35941E+11
035890,서희건설,2.35037E+11
000970,한국주철관,2.33705E+11
232140,와이아이케이,2.3356E+11
089980,상아프론테크,2.33508E+11
000020,동화약품,2.33507E+11
092230,KPX홀딩스,2.32778E+11
095270,웨이브일렉트로,2.3116E+11
011760,현대상사,2.30845E+11
238090,앤디포스,2.30817E+11
003545,대신증권우,2.2984E+11
251370,와이엠티,2.29561E+11
136490,선진,2.29473E+11
102260,동성코퍼레이션,2.28588E+11
175250,아이큐어,2.28527E+11
002020,코오롱,2.27276E+11
282880,코윈테크,2.27029E+11
036630,세종텔레콤,2.26923E+11
200670,휴메딕스,2.26845E+11
015360,예스코홀딩스,2.265E+11
057500,SKC 솔믹스,2.26298E+11
067080,대화제약,2.2599E+11
272550,삼양패키징,2.25936E+11
004360,세방,2.25912E+11
263720,디앤씨미디어,2.2538E+11
001200,유진투자증권,2.25214E+11
206640,바디텍메드,2.25063E+11
019210,와이지-원,2.25023E+11
005390,신성통상,2.24904E+11
003580,넥스트사이언스,2.2463E+11
026890,디피씨,2.24229E+11
049070,인탑스,2.236E+11
092130,이크레더블,2.22204E+11
003570,S&T중공업,2.20465E+11
028100,동아지질,2.20225E+11
035150,백산,2.19978E+11
041190,우리기술투자,2.1966E+11
104700,한국철강,2.18738E+11
003120,일성신약,2.18652E+11
110790,크리스에프앤씨,2.18494E+11
067990,도이치모터스,2.18131E+11
226330,신테카바이오,2.17055E+11
125210,아모그린텍,2.16108E+11
225570,넷게임즈,2.16003E+11
228850,레이언스,2.15683E+11
010955,S-Oil우,2.15575E+11
031330,에스에이엠티,2.15489E+11
206650,유바이오로직스,2.14876E+11
102940,코오롱생명과학,2.13411E+11
045100,한양이엔지,2.133E+11
002795,아모레G우,2.12967E+11
054620,APS홀딩스,2.121E+11
001780,알루코,2.12021E+11
000430,대원강업,2.1173E+11
900140,엘브이엠씨홀딩스,2.11639E+11
001270,부국증권,2.11546E+11
007820,에스엠코어,2.11358E+11
101530,해태제과식품,2.11097E+11
067390,아스트,2.11087E+11
159580,제로투세븐,2.10343E+11
054780,키이스트,2.09978E+11
023900,풍국주정,2.0979E+11
050110,캠시스,2.09712E+11
079980,휴비스,2.09415E+11
033240,자화전자,2.08535E+11
308170,센트랄모텍,2.0748E+11
067280,멀티캠퍼스,2.07141E+11
011040,경동제약,2.06559E+11
043610,지니뮤직,2.0631E+11
104480,티케이케미칼,2.05878E+11
073490,이노와이어리스,2.04085E+11
123040,엠에스오토텍,2.04028E+11
216050,인크로스,2.02628E+11
225530,보광산업,2.0261E+11
067290,JW신약,2.02502E+11
016250,이테크건설,2.0244E+11
040350,큐로컴,2.01774E+11
052330,코텍,2.00912E+11
009520,포스코엠텍,2.00718E+11
018120,진로발효,1.99958E+11
025320,시노펙스,1.99543E+11
000540,흥국화재,1.99152E+11
214390,경보제약,1.96753E+11
036030,KTH,1.96433E+11
063080,게임빌,1.96207E+11
123420,선데이토즈,1.95703E+11
306040,에스제이그룹,1.95699E+11
091590,남화토건,1.95471E+11
144960,뉴파워프라즈마,1.95327E+11
003030,세아제강지주,1.95279E+11
090470,제이스텍,1.94881E+11
064260,다날,1.94556E+11
290650,엘앤씨바이오,1.93918E+11
245620,EDGC,1.93525E+11
009160,SIMPAC,1.9269E+11
206560,덱스터,1.92575E+11
054050,농우바이오,1.91565E+11
138690,엘아이에스,1.91522E+11
004770,써니전자,1.90885E+11
176440,에이치엔티,1.9077E+11
004970,신라교역,1.904E+11
023910,대한약품,1.902E+11
161580,필옵틱스,1.89955E+11
012700,리드코프,1.89883E+11
122640,예스티,1.89045E+11
214180,민앤지,1.88969E+11
094280,효성ITX,1.88399E+11
054950,제이브이엠,1.88345E+11
200710,에이디테크놀로지,1.88009E+11
007160,사조산업,1.8775E+11
039570,HDC아이콘트롤스,1.87644E+11
067900,와이엔텍,1.87456E+11
004060,SG세계물산,1.87446E+11
007110,일신석재,1.87445E+11
234690,녹십자웰빙,1.87287E+11
214420,토니모리,1.86984E+11
191420,테고사이언스,1.86374E+11
061040,알에프텍,1.85944E+11
126700,하이비젼시스템,1.85282E+11
065530,전파기지국,1.8501E+11
194700,노바렉스,1.84577E+11
001250,GS글로벌,1.84463E+11
121600,나노신소재,1.84422E+11
005960,동부건설,1.84416E+11
000680,LS네트웍스,1.84399E+11
123690,한국화장품,1.83979E+11
004150,한솔홀딩스,1.8378E+11
072020,중앙백신,1.83762E+11
053610,프로텍,1.837E+11
106240,파인테크닉스,1.83584E+11
035510,신세계 I&C,1.8318E+11
045520,크린앤사이언스,1.82975E+11
109740,디에스케이,1.82786E+11
046440,KG모빌리언스,1.82133E+11
207760,미스터블루,1.81827E+11
067170,오텍,1.81621E+11
322000,현대에너지솔루션,1.8144E+11
215360,우리산업,1.81273E+11
001530,DI동일,1.80396E+11
077500,유니퀘스트,1.8031E+11
005680,삼영전자,1.802E+11
002170,삼양통상,1.8E+11
089970,에이피티씨,1.79836E+11
201490,미투온,1.7942E+11
168490,한국패러랠,1.79245E+11
075580,세진중공업,1.79201E+11
091090,세원셀론텍,1.79008E+11
044450,KSS해운,1.78995E+11
013580,계룡건설,1.78618E+11
059090,미코,1.78505E+11
030960,양지사,1.78177E+11
004980,성신양회,1.77742E+11
016610,DB금융투자,1.77638E+11
086890,이수앱지스,1.76792E+11
049960,쎌바이오텍,1.7672E+11
012030,DB,1.76631E+11
043370,평화정공,1.7661E+11
090360,로보스타,1.76475E+11
077360,덕산하이메탈,1.75614E+11
045970,코아시아,1.74555E+11
060280,큐렉소,1.74458E+11
036190,금화피에스시,1.743E+11
194370,제이에스코퍼레이션,1.7403E+11
111870,삼본전자,1.73835E+11
001790,대한제당,1.73706E+11
009460,한창제지,1.73334E+11
007660,이수페타시스,1.73327E+11
004310,현대약품,1.7312E+11
074430,아미노로직스,1.73019E+11
003200,일신방직,1.728E+11
093320,케이아이엔엑스,1.72752E+11
015590,큐로,1.7258E+11
068930,디지털대성,1.71886E+11
004960,한신공영,1.71825E+11
900290,GRT,1.71806E+11
306200,세아제강,1.71313E+11
180400,캔서롭,1.7129E+11
000700,유수홀딩스,1.71095E+11
058400,KNN,1.70834E+11
002450,삼익악기,1.70651E+11
005389,현대차3우B,1.70497E+11
044490,태웅,1.70463E+11
033160,엠케이전자,1.70318E+11
138490,코오롱플라스틱,1.7024E+11
282690,동아타이어,1.69603E+11
023760,한국캐피탈,1.68536E+11
036580,팜스코,1.68398E+11
008700,아남전자,1.68132E+11
108790,인터파크,1.68098E+11
128820,대성산업,1.67824E+11
015890,태경산업,1.67773E+11
036200,유니셈,1.6712E+11
216080,제테마,1.66438E+11
000320,노루홀딩스,1.66139E+11
011930,신성이엔지,1.66086E+11
052420,오성첨단소재,1.66069E+11
005945,NH투자증권우,1.66065E+11
217730,강스템바이오텍,1.65753E+11
082210,옵트론텍,1.65595E+11
065130,탑엔지니어링,1.64555E+11
073110,엘엠에스,1.64127E+11
036810,에프에스티,1.63489E+11
005420,코스모화학,1.63454E+11
017890,한국알콜,1.63123E+11
064240,홈캐스트,1.62992E+11
090350,노루페인트,1.628E+11
006620,동구바이오제약,1.62788E+11
054670,대한뉴팜,1.62211E+11
003555,LG우,1.62088E+11
110990,디아이티,1.61973E+11
214260,라파스,1.61862E+11
053950,경남제약,1.61837E+11
037460,삼지전자,1.6139E+11
011810,STX,1.61169E+11
248170,샘표식품,1.60118E+11
136540,윈스,1.59635E+11
014470,부방,1.59439E+11
317400,자이에스앤디,1.59356E+11
217270,넵튠,1.58683E+11
036890,진성티이씨,1.585E+11
089470,HDC현대EP,1.58384E+11
063160,종근당바이오,1.57669E+11
051360,토비스,1.57642E+11
203690,프로스테믹스,1.57584E+11
241770,메카로,1.57578E+11
073070,에스모,1.57384E+11
005950,이수화학,1.57363E+11
278650,노터스,1.57316E+11
131290,티에스이,1.57072E+11
027050,코리아나,1.57E+11
009270,신원,1.56478E+11
011390,부산산업,1.56288E+11
077970,STX엔진,1.5554E+11
024810,이화전기,1.55155E+11
095190,이엠코리아,1.54777E+11
190510,나무가,1.54538E+11
005740,크라운해태홀딩스,1.54412E+11
038060,루멘스,1.54122E+11
000215,대림산업우,1.5371E+11
002900,동양물산,1.53467E+11
072520,제넨바이오,1.52704E+11
131390,피앤이솔루션,1.52082E+11
013570,디와이,1.51601E+11
089890,코세스,1.51499E+11
214430,아이쓰리시스템,1.51374E+11
007720,대명코퍼레이션,1.51201E+11
099320,쎄트렉아이,1.51185E+11
109960,에이프로젠 H&G,1.51176E+11
067310,하나마이크론,1.51065E+11
001390,KG케미칼,1.50953E+11
121440,골프존뉴딘홀딩스,1.50786E+11
039860,나노엔텍,1.50176E+11
238490,힘스,1.5017E+11
000890,보해양조,1.49962E+11
058610,에스피지,1.49688E+11
082740,HSD엔진,1.4958E+11
003960,사조대림,1.49381E+11
064550,바이오니아,1.49372E+11
054450,텔레칩스,1.4924E+11
006405,삼성SDI우,1.4917E+11
084010,대한제강,1.49113E+11
264450,유비쿼스,1.48851E+11
100840,S&TC,1.48633E+11
143210,핸즈코퍼레이션,1.48452E+11
073570,WI,1.48114E+11
100250,진양홀딩스,1.47843E+11
311690,천랩,1.47787E+11
001460,BYC,1.47721E+11
005090,삼광글라스,1.47574E+11
108490,로보티즈,1.47388E+11
009155,삼성전기우,1.47384E+11
166480,코아스템,1.47272E+11
027360,아주IB투자,1.46612E+11
100130,동국S&C,1.46286E+11
048550,SM C&C,1.46265E+11
290670,대보마그네틱,1.46167E+11
049180,셀루메드,1.45526E+11
260660,알리코제약,1.45433E+11
039830,오로라,1.45299E+11
002460,화성산업,1.45052E+11
079370,제우스,1.44857E+11
005990,매일홀딩스,1.44728E+11
008040,사조동아원,1.44673E+11
195990,에이비프로바이오,1.44239E+11
001540,안국약품,1.44119E+11
117580,대성에너지,1.43825E+11
072870,메가스터디,1.43648E+11
290740,액트로,1.43429E+11
052790,액토즈소프트,1.43333E+11
131370,알서포트,1.43288E+11
030210,KTB투자증권,1.43246E+11
003350,한국화장품제조,1.42985E+11
095340,ISC,1.42839E+11
042370,비츠로테크,1.42618E+11
204620,글로벌텍스프리,1.42125E+11
094480,갤럭시아컴즈,1.42012E+11
071200,인피니트헬스케어,1.41987E+11
171120,라이온켐텍,1.41911E+11
014970,삼륭물산,1.41721E+11
021050,서원,1.41712E+11
024090,디씨엠,1.4157E+11
100700,세운메디칼,1.41036E+11
065650,메디프론,1.41013E+11
041910,에스텍파마,1.40994E+11
096240,청담러닝,1.4083E+11
005160,동국산업,1.40764E+11
005430,한국공항,1.40744E+11
097955,CJ제일제당 우,1.40708E+11
003460,유화증권,1.40622E+11
091120,이엠텍,1.40533E+11
222080,씨아이에스,1.40497E+11
046940,우원개발,1.40482E+11
004890,동일산업,1.40177E+11
017550,수산중공업,1.40091E+11
137400,피엔티,1.39983E+11
027390,한화갤러리아타임월드,1.39803E+11
037950,엘컴텍,1.39761E+11
073560,우리손에프앤지,1.39514E+11
102280,쌍방울,1.39454E+11
002070,남영비비안,1.39419E+11
004560,현대비앤지스틸,1.39328E+11
260930,씨티케이코스메틱스,1.3918E+11
203650,드림시큐리티,1.39166E+11
014990,인디에프,1.39082E+11
004250,NPC,1.38985E+11
251630,브이원텍,1.38917E+11
096775,SK이노베이션우,1.38575E+11
048870,시너지이노베이션,1.37963E+11
003650,미창석유,1.37956E+11
200880,서연이화,1.37845E+11
021320,KCC건설,1.37816E+11
036560,영풍정밀,1.37813E+11
007210,벽산,1.37806E+11
000520,삼일제약,1.37475E+11
023600,삼보판지,1.37445E+11
008290,원풍물산,1.37341E+11
053590,한국테크놀로지,1.36946E+11
044820,코스맥스비티아이,1.36856E+11
060590,씨티씨바이오,1.36525E+11
263600,덕우전자,1.36523E+11
012800,대창,1.36255E+11
012690,모나리자,1.36045E+11
100590,머큐리,1.35973E+11
099220,SDN,1.35906E+11
155650,와이엠씨,1.35826E+11
006380,카프로,1.358E+11
093920,서원인텍,1.35222E+11
138580,비즈니스온,1.35061E+11
108380,대양전기공업,1.34899E+11
000490,대동공업,1.34776E+11
013520,화승알앤에이,1.34287E+11
000860,강남제비스코,1.34225E+11
214330,금호에이치티,1.34211E+11
038340,UCI,1.34117E+11
137950,제이씨케미칼,1.33922E+11
038390,레드캡투어,1.33137E+11
101160,월덱스,1.33079E+11
004870,티웨이홀딩스,1.33041E+11
000390,삼화페인트,1.32987E+11
016710,대성홀딩스,1.32577E+11
060240,룽투코리아,1.32487E+11
067830,세이브존I&C,1.32357E+11
007980,태평양물산,1.32266E+11
312610,에이에프더블류,1.31163E+11
185490,아이진,1.3097E+11
222040,코스맥스엔비티,1.30782E+11
002700,신일산업,1.30372E+11
078000,텔코웨어,1.30016E+11
027740,마니커,1.29948E+11
006220,제주은행,1.298E+11
153710,옵티팜,1.294E+11
038880,아이에이,1.294E+11
115160,휴맥스,1.29363E+11
141000,비아트론,1.29022E+11
069510,에스텍,1.28738E+11
083310,엘오티베큠,1.28473E+11
004200,고려개발,1.283E+11
100090,삼강엠앤티,1.2772E+11
131030,디에이치피코리아,1.27715E+11
225190,삼양옵틱스,1.27639E+11
035080,인터파크홀딩스,1.2753E+11
066620,국보디자인,1.275E+11
104460,동양피엔에프,1.27492E+11
179290,엠아이텍,1.27475E+11
079960,동양이엔피,1.27332E+11
025620,제이준코스메틱,1.27011E+11
270870,뉴트리,1.2688E+11
042420,네오위즈홀딩스,1.26653E+11
013990,아가방컴퍼니,1.26617E+11
027710,팜스토리,1.26458E+11
02826K,삼성물산우B,1.26127E+11
053280,예스24,1.26076E+11
241710,코스메카코리아,1.26024E+11
008970,동양철관,1.26018E+11
187420,제노포커스,1.26007E+11
130580,나이스디앤비,1.25818E+11
068790,DMS,1.25812E+11
060310,3S,1.2581E+11
089140,넥스턴,1.25573E+11
093230,이아이디,1.2557E+11
142760,바이오리더스,1.25549E+11
017900,광전자,1.25448E+11
001290,상상인증권,1.25422E+11
034590,인천도시가스,1.25337E+11
011330,유니켐,1.25213E+11
002360,SH에너지화학,1.25025E+11
102120,어보브반도체,1.25011E+11
035620,바른손이앤에이,1.24984E+11
267290,경동도시가스,1.24983E+11
080220,제주반도체,1.24981E+11
014530,극동유화,1.24833E+11
054800,아이디스홀딩스,1.2469E+11
054210,이랜텍,1.24438E+11
002760,보락,1.24293E+11
152550,한국ANKOR유전,1.24286E+11
043220,에이치엘비파워,1.23878E+11
092220,KEC,1.23709E+11
173940,에프엔씨엔터,1.23682E+11
239340,줌인터넷,1.23623E+11
065710,서호전기,1.236E+11
060560,홈센타홀딩스,1.23414E+11
062970,피피아이,1.23333E+11
014580,백광소재,1.23296E+11
007680,대원,1.22959E+11
144620,코오롱머티리얼,1.22899E+11
096630,에스코넥,1.227E+11
078890,가온미디어,1.22564E+11
158430,아톤,1.22436E+11
138360,에이씨티,1.22162E+11
014160,대영포장,1.21944E+11
137940,넥스트아이,1.21844E+11
017180,명문제약,1.21718E+11
018310,삼목에스폼,1.21716E+11
900250,크리스탈신소재,1.21672E+11
307930,컴퍼니케이,1.21602E+11
122450,KMH,1.21575E+11
065060,지엔코,1.2153E+11
037070,파세코,1.211E+11
090850,이지웰페어,1.20902E+11
046140,SBS콘텐츠허브,1.2084E+11
151860,KG ETS,1.206E+11
036670,KCI,1.20589E+11
000230,일동홀딩스,1.20478E+11
053300,한국정보인증,1.20453E+11
210540,디와이파워,1.20355E+11
083640,인콘,1.20209E+11
003830,대한화섬,1.19918E+11
010690,화신,1.19602E+11
033110,코너스톤네트웍스,1.1954E+11
004270,남성,1.19138E+11
101140,비티원,1.18985E+11
149950,아바텍,1.18929E+11
011320,유니크,1.18822E+11
007540,샘표,1.18771E+11
005710,대원산업,1.18623E+11
045890,GV,1.18565E+11
011370,서한,1.18551E+11
069110,코스온,1.1854E+11
066430,와이오엠,1.18369E+11
023000,삼원강재,1.18E+11
117670,알파홀딩스,1.17973E+11
007330,푸른저축은행,1.17646E+11
014200,광림,1.17487E+11
226340,본느,1.17426E+11
040420,정상제이엘에스,1.17111E+11
160550,NEW,1.17066E+11
014790,한라,1.17014E+11
111110,호전실업,1.16E+11
015710,코콤,1.15526E+11
025560,미래산업,1.15521E+11
160980,싸이맥스,1.15282E+11
290550,디케이티,1.15239E+11
092440,기신정기,1.15194E+11
066310,큐에스아이,1.15067E+11
056700,신화인터텍,1.14792E+11
217480,에스디생명공학,1.14765E+11
019550,SBI인베스트먼트,1.14743E+11
033830,티비씨,1.145E+11
094170,동운아나텍,1.14012E+11
000180,성창기업지주,1.13695E+11
322510,제이엘케이인스펙션,1.13648E+11
338100,NH프라임리츠,1.13639E+11
053980,오상자이엘,1.13586E+11
004650,창해에탄올,1.13507E+11
066980,브레인콘텐츠,1.13427E+11
056080,유진로봇,1.13287E+11
103590,일진전기,1.13281E+11
010960,삼호개발,1.13125E+11
130660,한전산업,1.12959E+11
200780,비씨월드제약,1.12917E+11
019440,세아특수강,1.12696E+11
038680,에스넷,1.12687E+11
001260,남광토건,1.12538E+11
049520,유아이엘,1.1241E+11
069920,아이에스이커머스,1.12402E+11
052670,제일바이오,1.122E+11
060900,케이알피앤이,1.12023E+11
299910,베스파,1.1183E+11
035610,솔본,1.11572E+11
001340,백광산업,1.10948E+11
003100,선광,1.1088E+11
142280,녹십자엠에스,1.10655E+11
022220,정산애강,1.10581E+11
001570,금양,1.10561E+11
109610,에스와이,1.10526E+11
226360,이엑스티,1.10364E+11
035000,지투알,1.10339E+11
092070,디엔에프,1.10309E+11
003160,디아이,1.10081E+11
214270,퓨쳐스트림네트웍스,1.10066E+11
016090,대현,1.10042E+11
099750,이지케어텍,1.09839E+11
256630,포인트엔지니어링,1.09768E+11
047820,초록뱀,1.09723E+11
124500,아이티센,1.09451E+11
060370,KT서브마린,1.09281E+11
079940,가비아,1.09233E+11
071460,위니아딤채,1.09161E+11
024060,흥구석유,1.0875E+11
122310,제노레이,1.0874E+11
034940,조아제약,1.0866E+11
138610,나이벡,1.08438E+11
009440,KC그린홀딩스,1.08361E+11
227840,현대코퍼레이션홀딩스,1.083E+11
290720,푸드나무,1.08216E+11
039340,한국경제TV,1.081E+11
114450,KPX생명과학,1.08E+11
257370,명성티엔에스,1.07653E+11
004840,DRB동일,1.07622E+11
026940,부국철강,1.076E+11
001070,대한방직,1.0759E+11
093190,빅솔론,1.07545E+11
053690,한미글로벌,1.07274E+11
120240,대정화금,1.07216E+11
016880,웅진,1.07161E+11
182360,큐브엔터,1.07092E+11
034300,신세계건설,1.07E+11
001750,한양증권,1.0692E+11
264900,크라운제과,1.06828E+11
211270,AP위성,1.06605E+11
094940,푸른기술,1.06502E+11
196450,디오스텍,1.06465E+11
065150,MP그룹,1.06263E+11
058730,다스코,1.0626E+11
064800,필링크,1.06253E+11
010600,웰바이오텍,1.06235E+11
033530,세종공업,1.06231E+11
009200,무림페이퍼,1.06104E+11
049480,오픈베이스,1.06051E+11
055490,테이팩스,1.05675E+11
047770,코데즈컴바인,1.05202E+11
016100,리더스코스메틱,1.05123E+11
200470,하이셈,1.04971E+11
002800,신신제약,1.04828E+11
120030,조선선재,1.04511E+11
009470,삼화전기,1.04498E+11
031820,콤텍시스템,1.04491E+11
900310,컬러레이,1.0449E+11
014100,보령메디앙스,1.03958E+11
091580,상신이디피,1.03853E+11
005870,휴니드,1.03753E+11
290380,대유,1.0365E+11
101330,모베이스,1.03619E+11
900100,뉴프라이드,1.03405E+11
267790,배럴,1.03199E+11
089230,THE E&M,1.03178E+11
025440,대성엘텍,1.03149E+11
126880,제이엔케이히터,1.03119E+11
033100,제룡전기,1.0296E+11
289010,아이스크림에듀,1.02912E+11
058430,포스코강판,1.029E+11
065950,웰크론,1.02683E+11
090740,연이정보통신,1.0224E+11
001045,CJ우,1.02162E+11
020760,일진디스플,1.01932E+11
009300,삼아제약,1.0192E+11
03473K,SK우,1.01338E+11
241790,오션브릿지,1.01325E+11
009320,대우부품,1.01249E+11
091340,S&K폴리텍,1.01237E+11
053350,이니텍,1.01132E+11
115440,우리넷,1.00963E+11
241690,유니테크노,1.00907E+11
198440,고려시멘트,1.00897E+11
100220,비상교육,1.00335E+11
065510,휴비츠,1.00291E+11
034810,해성산업,1.00245E+11
044380,주연테크,1.0024E+11
288620,에스퓨얼셀,1.00238E+11
083450,GST,1.00166E+11
026150,특수건설,1.0005E+11
010820,퍼스텍,99842933400
289080,SV인베스트먼트,99813750000
327260,메탈라이프,99800294400
086960,한컴MDS,99763270400
000650,천일고속,99616634000
032560,황금에스티,99400000000
067000,조이시티,99334019850
047400,유니온머티리얼,99330000000
134380,미원화학,98967060000
012160,영흥철강,98700485350
033170,시그네틱스,98587566850
001470,삼부토건,98429447745
100790,미래에셋벤처투자,98288424075
032820,우리기술,98219798755
205100,엑셈,98089180335
004450,삼화왕관,98024244500
193250,와이제이엠게임즈,98006495350
016600,큐캐피탈,97998825400
263700,케어랩스,97664180000
225330,씨엠에스에듀,97645450720
083930,아바코,97578680500
011150,CJ씨푸드,97552048695
238200,비피도,97342000000
258610,이더블유케이,97213087200
036260,이매진아시아,97187539620
066130,하츠,97152000000
063170,서울옥션,96937275000
033320,제이씨현시스템,96910170240
011785,금호석유우,96902726300
017040,광명전기,96859569525
013310,아진산업,96826631190
041460,한국전자인증,96566620500
061250,화일약품,96553418600
303030,지니틱스,96538406250
060230,이그잭스,96408901350
012200,계양전기,96333000000
134790,시디즈,96300000000
058850,KTcs,96254675000
004440,대림씨엔에스,96253519320
020710,시공테크,96230256000
005190,동성화학,96040152000
170920,엘티씨,95879273250
107590,미원홀딩스,95835911400
002880,대유에이텍,95689808365
139670,키네마스터,95079144050
005110,한창,94977434370
006910,보성파워텍,94919268330
056000,신스타임즈,94715220000
042040,케이피엠테크,94685458000
263690,디알젬,94682099600
021080,에이티넘인베스트,94560000000
018000,유니슨,94536612060
300080,플리토,94345360200
131400,액트,94195728760
171010,램테크놀러지,94076538900
285490,노바텍,94056337500
174880,장원테크,93947561235
037330,인지디스플레,93914379360
090710,휴림로봇,93874482960
080000,에스엔유,93873049450
041590,젬백스지오,93847039000
013870,지엠비코리아,93835617600
014280,금강공업,93779400960
900340,윙입푸드,93523800960
010040,한국내화,93512254880
019660,글로본,93502282240
068330,일신바이오,93296055400
950140,잉글우드랩,93279630870
088910,동우팜투테이블,93252668040
094850,참좋은여행,93240000000
085310,엔케이,93180605080
006980,우성사료,93009000000
065450,빅텍,92949886050
075180,새론오토모티브,92928000000
086040,바이오톡스텍,92777282280
007590,동방아그로,92599523600
036120,SCI평가정보,92477500000
004080,신흥,92448000000
001840,이화공영,91997755200
043200,파루,91990401405
126870,뉴로스,91552249920
052860,아이앤씨,91500906340
014710,사조씨푸드,91430463330
124560,태웅로직스,91427000000
005800,신영와코루,91350000000
017370,우신시스템,91203988920
318010,팜스빌,91187387000
009190,대양금속,91152704200
038460,바이오스마트,90766183790
119650,KC코트렐,90610000000
196490,디에이테크놀로지,90508197150
042510,라온시큐어,90339298080
000500,가온전선,90279529900
033340,좋은사람들,90173295360
131760,파인텍,90140532300
078940,코드네이처,89851791840
259630,엠플러스,89827591850
140070,서플러스글로벌,89695900000
023450,동남합성,89639253000
063440,SM Life Design,89608016460
187870,디바이스이엔지,89522400000
025750,한솔홈데코,89427315390
006580,대양제지,89410500000
002600,조흥,89400000000
003080,성보화학,89389300000
095500,미래나노텍,89315359055
088130,동아엘텍,89162739440
092460,한라IMS,89144383020
000850,화천기공,88990000000
071970,STX중공업,88738269960
078590,두올산업,88681254030
221840,하이즈항공,88480835000
079190,EMW,88360067660
065170,넥스트BT,88216085625
214680,디알텍,88156479600
016740,두올,88102043400
002140,고려산업,88036170250
145210,세화아이엠씨,87912180330
004540,깨끗한나라,87888035480
044960,이글벳,87861086850
217600,켐온,87809342500
056360,코위버,87779328000
002720,국제약품,87770480400
096040,이트론,87749285748
019010,베뉴지,87483000000
250930,예선테크,87451166000
114810,아이원스,87069314310
012320,경동인베스트,86914595250
036000,예림당,86839224290
900270,헝셩그룹,86800000000
014570,고려제약,86680000000
065350,신성델타테크,86554021580
220100,퓨쳐켐,86524541950
065620,제낙스,86349096960
220260,켐트로스,86339626960
003610,방림,86320743600
195500,마니커에프앤지,86241180000
101240,씨큐브,86174564000
050760,에스폴리텍,86083753060
008600,윌비스,86000779195
242040,나무기술,85956569000
040300,YTN,85890000000
105840,우진,85859494500
046120,오르비텍,85765015665
046070,코다코,85746041920
140670,알에스오토메이션,85478484600
065560,녹원씨엔아이,85399572500
053450,세코닉스,85337721630
002300,한국제지,85334380450
118000,우리들휴브레인,85277770075
048910,대원미디어,85159464420
043090,큐브앤컴퍼니,84850537410
033130,디지틀조선,84622808760
230980,솔트웍스,84438932000
036170,씨티젠,84295173950
071280,로체시스템즈,84131316500
241840,에이스토리,84050524800
047080,한빛소프트,83631946500
126600,코프라,83617910640
246710,티앤알바이오팹,83476900000
053700,삼보모터스,83429247650
123410,코리아에프티,83383986680
108860,셀바스AI,83371472100
215100,로보로보,83296764720
194480,데브시스터즈,83248469100
080720,한국유니온제약,83242564800
043290,케이맥,83198836150
050540,한국코퍼레이션,83195096985
011560,세보엠이씨,83187000000
222420,쎄노텍,83127422250
006050,국영지앤엠,83050678340
065680,우주일렉트로,82950737000
109860,동일금속,82950000000
009070,KCTC,82800000000
104200,NHN벅스,82737729000
078860,아이오케이,82469630750
083660,CSA 코스믹,82347662970
003547,대신증권2우B,82300000000
009780,엠에스씨,82280000000
009770,삼정펄프,82249045900
322180,티라유텍,82049625000
256840,한국비엔씨,81798721590
032680,소프트센,81757075435
123570,이엠넷,81753206260
009810,엔케이물산,81739702584
094820,일진파워,81726602780
024880,케이피에프,81662990760
083420,그린케미칼,81600000000
015230,대창단조,81573716650
049080,기가레인,81550747200
263770,유에스티,81410090820
002410,범양건영,81324184300
002200,수출포장,81200000000
078650,코렌,81154910900
000300,대유플러스,81089439200
297090,씨에스베어링,81084198000
102210,해덕파워웨이,81066045500
086250,화신테크,80993485560
255220,SG,80967659535
021820,세원정공,80900000000
290120,대유에이피,80868120000
008250,이건산업,80830446300
027830,대성창투,80800000000
008800,행남사,80762168880
057540,옴니시스템,80747844775
234920,자이글,80644223600
263920,블러썸엠앤씨,80624672880
019685,대교우B,80622008500
092200,디아이씨,80499337830
001550,조비,80220092550
045660,에이텍,80204600000
187220,디티앤씨,79946001100
105740,디케이락,79936167520
058860,KTis,79870590000
112240,에스에프씨,79827028710
149980,하이로닉,79805971700
106190,하이텍팜,79748797500
041440,에버다임,79725950800
049630,재영솔루텍,79710434115
067570,엔브이에이치코리아,79704166050
234300,에스트래픽,79514270600
032940,원익,79140550500
037270,YG PLUS,79112157440
002230,피에스텍,79070356860
006340,대원전선,79004318360
066900,디에이피,78923425410
024800,유성티엔에스,78919382000
012280,영화금속,78857495410
000440,중앙에너비스,78773194500
219420,링크제니시스,78700000000
066590,우수AMS,78651355055
250000,보라티알,78646039450
302550,리메드,78609906000
084670,동양고속,78469919900
900300,오가닉티코스메틱,78271875000
036180,영인프런티어,78233515745
033540,파라텍,78124974000
016790,현대사료,78111172200
224060,코디엠,77890911735
014190,원익큐브,77879793200
097800,윈팩,77854349650
083550,케이엠,77790443900
069460,대호에이엘,77741313735
001560,제일연마,77700000000
148250,알엔투테크놀로지,77410487000
150840,인트로메딕,77361921100
001380,SG충방,77338325960
007860,서연,77248686760
006140,피제이전자,77100000000
044480,바이오제네틱스,77096885240
003480,한진중공업홀딩스,77072809320
051380,피씨디렉트,77058313600
049430,코메론,76998480000
009730,코센,76957414680
078140,대봉엘에스,76940858260
069540,라이트론,76790652140
041650,상신브레이크,76760433750
163560,동일고무벨트,76629000000
241820,피씨엘,76513830910
066360,체리부로,76509652905
051780,큐로홀딩스,76508631200
302430,이노메트리,76477961800
044060,조광ILI,76317264320
084730,팅크웨어,76211735420
047920,씨트리,76166051500
005010,휴스틸,76140463320
041930,동아화성,76077000000
155660,DSR,75840000000
133820,화인베스틸,75795750000
025550,한국선재,75773764860
023800,인지컨트롤스,75649038720
052190,이에스에이,75572489850
072990,에이치시티,75566161000
156100,엘앤케이바이오,75558939360
046210,파나진,75521151000
227610,아우딘퓨쳐스,75500000000
109070,컨버즈,75390521350
023770,플레이위드,75247898050
222110,팬젠,75109473990
004090,한국석유,75020400000
009310,참엔지니어링,74985639300
047560,이스트소프트,74839464000
004720,우리들제약,74790560000
192250,케이사인,74695301835
168330,내츄럴엔도텍,74500288310
133750,메가엠디,74488073325
264660,씨앤지하이테크,74472552800
036010,아비코전자,74307501060
027970,세하,74203122470
143540,영우디에스피,74125059685
032850,비트컴퓨터,73973653850
073640,삼원테크,73953633300
250060,모비스,73833165630
119850,지엔씨에너지,73820100840
017510,세명전기,73638180000
134780,화진,73560710880
204630,화이브라더스코리아,73536630750
083500,에프엔에스테크,73508113800
021040,대호피앤씨,73478390130
042940,상지카일룸,73436256300
024950,삼천리자전거,73402880810
033250,체시스,73320000000
190650,코리아에셋투자증권,73142600000
079970,투비소프트,73032663975
050320,에이앤티앤,72970870420
071670,에이테크솔루션,72900000000
217620,디딤,72708743325
005860,한일사료,72699798825
263800,데이타솔루션,72614310900
000220,유유제약,72601891800
068050,팬엔터테인먼트,72563024160
041920,메디아나,72491156480
050120,라이브플렉스,72429637875
104620,노랑풍선,72199597500
100660,서암기계공업,72198000000
090370,메타랩스,72186400680
094360,칩스앤미디어,72154050710
246960,이노테라피,72131831200
114190,강원,72129591990
006090,사조오양,71989725960
272110,케이엔제이,71968196400
065940,바이오빌,71919049110
105550,트루윈,71826366000
010280,쌍용정보통신,71823660350
006740,영풍제지,71817000000
079650,서산,71800000000
043340,에쎈테크,71784000000
023460,CNH,71610000000
311390,네오크레마,71544160000
950130,엑세스바이오,71520413670
024120,KB오토시스,71300000000
119830,아이텍,71183340000
087260,모바일어플라이언스,71175000000
072130,유엔젤,70859587980
032750,삼진,70800000000
048430,유라테크,70732800000
171090,선익시스템,70644465750
013360,일성건설,70502468400
256940,케이피에스,70498613500
076610,해성옵틱스,70496562500
253840,수젠텍,70446732700
033310,디케이디앤아이,70311715200
049720,고려신용정보,70141500000
042500,링네트,70073723190
004910,조광페인트,70016000000
142210,유니트론텍,70008862980
131100,알이피,69953110760
002630,오리엔트바이오,69931741824
011090,에넥스,69890261765
019590,엠벤처투자,69764928800
115310,인포바인,69764493550
005750,대림B&Co,69689963200
005360,모나미,69636576295
014440,영보화학,69600000000
027040,서울전자통신,69588847000
032790,엠젠플러스,69550547425
010100,한국프랜지,69274705500
032980,바이온,69265859000
053260,금강철강,69170400000
002920,유성기업,69150087500
039010,현대통신,69000000000
040160,누리텔레콤,68716549500
066670,디스플레이텍,68599339060
100030,모바일리더,68301251200
069730,DSR제강,68256000000
317120,라닉스,68124310000
129260,인터지스,68122631460
094860,코닉글로리,68114290275
026040,제이에스티나,68078133750
053620,태양,68026000000
058630,엠게임,67914972575
122350,삼기오토모티브,67768373185
000590,CS홀딩스,67768093400
020120,키다리스튜디오,67752267670
900260,로스웰,67487875000
178780,유테크,67441276395
056730,포스링크,67399247280
059210,메타바이오메드,67291829820
090080,평화산업,67255267275
018620,우진비앤지,67254563670
099440,스맥,67234129495
004780,대륙제관,67111499780
023440,제일제강,66947732110
050860,아세아텍,66850000000
051160,지어소프트,66605716350
217330,싸이토젠,66479595200
092870,엑시콘,66359745000
011500,한농화성,66222872870
128660,피제이메탈,65976961540
016670,포비스티앤씨,65928405410
033200,모아텍,65923451000
036090,위지트,65881829200
019180,티에이치엔,65880000000
006660,삼성공조,65660617120
078935,GS우,65503114200
101000,상상인인더스트리,65500613640
038070,서린바이오,65480901480
001080,만호제강,65362500000
900040,차이나그레이트,65198876526
042110,에스씨디,65003263580
094970,제이엠티,64983171200
118990,모트렉스,64856297100
234100,세원,64798741575
046390,삼화네트웍스,64787139165
189980,흥국에프엔비,64603360800
037370,EG,64425000000
080010,이상네트웍스,64367100000
006370,대구백화점,64280369340
096350,대창솔루션,64171450800
148140,비디아이,64158075000
040610,SG&G,64083928480
092780,동양피스톤,64064557900
006805,미래에셋대우우,63903905000
041520,이라이콤,63747057900
007370,진양제약,63600000000
036690,코맥스,63560218545
057030,YBM넷,63537954815
256150,한독크린텍,63531800000
060480,국일신동,63213000000
049550,잉크테크,63198631740
010400,우진아이엔에스,63186380000
073010,케이에스피,63155488465
217500,러셀,63146820000
046970,우리로,63107385960
008870,금비,63100000000
037760,쎄니트,63098397665
008260,NI스틸,62920257400
290660,네오펙트,62876607150
004590,한국가구,62775000000
308100,까스텔바작,62668650000
051490,나라엠앤디,62409000000
073540,에프알텍,62358000000
036480,대성미생물,62320000000
000910,유니온,62290359810
010660,화천기계,62260000000
005670,푸드웰,62200000000
066410,버킷스튜디오,62118664080
228340,동양파일,62100000000
114120,크루셜텍,61887586372
039610,화성밸브,61837776000
045510,정원엔시스,61680794180
094840,슈프리마에이치큐,61679137600
106520,디지탈옵틱,61645069480
006570,대림통상,61509000000
084870,TBH글로벌,61423331955
093520,매커스,61338934140
033560,블루콤,61318479330
017480,삼현철강,61241271000
225430,케이엠제약,61060027750
064090,에프앤리퍼블릭,61037854255
241520,DSC인베스트먼트,60971723795
252500,세화피앤씨,60777561350
052300,W홀딩컴퍼니,60717045036
041020,인프라웨어,60690319200
058220,아리온,60683948525
036710,심텍홀딩스,60652473315
006890,태경화학,60552000000
064290,인텍플러스,60307692030
002710,TCC스틸,60213037500
120115,코오롱인더우,60200955000
025820,이구산업,60195600000
013000,세우글로벌,60137039945
079950,인베니아,59972000000
078350,한양디지텍,59800000000
206400,엔터메이트,59736578955
170790,파이오링크,59718634300
060540,에스에이티,59714604210
117730,티로보틱스,59699890300
069410,엔텔스,59609321280
104540,코렌텍,59606729830
024890,대원화성,59605024640
054930,유신,59550000000
054940,엑사이엔씨,59546518660
052900,KMH하이텍,59544583730
123700,SJM,59532685870
045060,오공,59212199130
317870,엔바이오니아,59152412250
096690,제이스테판,59150803680
091970,나노캠텍,59121796700
033430,디에스티,59085301375
246690,TS인베스트먼트,59079345540
317770,슈프리마아이디,58952644000
039020,이건홀딩스,58946090490
013700,까뮤이앤씨,58923725400
001020,페이퍼코리아,58809326118
064510,에코마이스터,58788765200
277070,린드먼아시아,58725000000
215380,우정바이오,58692715830
037440,희림,58613619750
313760,윌링스,58587100000
010470,오리콤,58520250000
001140,카리스국보,58358439675
33626K,두산퓨얼셀1우,58334733000
013810,스페코,58328770600
051630,진양화학,58320000000
088390,이녹스,58162249680
080520,오디텍,57969515415
064820,케이프,57938643400
080470,성창오토텍,57889000000
069640,한세엠케이,57769215950
089790,제이티,57766872800
081150,티플랙스,57758796760
057880,필로시스헬스케어,57712952320
004410,서울식품,57697110000
018680,서울제약,57616538210
083650,비에이치아이,57590000000
012790,신일제약,57433000000
147830,제룡산업,57400000000
215480,토박스코리아,57294197800
246720,아스타,57240377155
043650,국순당,57235864320
006920,모헨즈,57220800000
090410,덕신하우징,57085500000
068940,아이씨케이,57058891260
208640,썸에이지,57003784460
094190,이엘케이,56922108455
063760,이엘피,56716275000
00499K,롯데지주우,56689560200
031860,엔에스엔,56604738250
052220,iMBC,56580000000
177830,파버나인,56555693280
057680,옴니텔,56490183225
017650,대림제지,56475000000
072470,우리산업홀딩스,56473149590
049120,파인디앤씨,56410280160
263540,샘코,56392417430
039310,세중,56358384370
024840,KBI메탈,56345950080
039420,케이엘넷,56280520900
123840,한일진공,56149771023
204020,그리티,56110592550
147760,마이크로프랜드,56046905880
065770,CS,56034571250
097870,효성오앤비,56034000000
038530,골드퍼시픽,55867282350
131090,시큐브,55860000000
086670,비엠티,55803723650
002820,선창산업,55538191545
054090,삼진엘앤디,55534291200
001275,부국증권우,55500000000
043910,자연과환경,55275331280
317850,대모,55274148800
010240,흥국,55267291560
037230,한국팩키지,55250000000
037350,성도이엔지,55227900000
005305,롯데칠성우,55202072000
003780,진양산업,55120000000
305090,마이크로디지탈,55006620000
299900,위지윅스튜디오,55004636790
011700,한신기계,54996225945
039670,한류타임즈,54949071884
003010,혜인,54919067040
004100,태양금속,54866500000
059120,아진엑스텍,54803269350
101400,엔시트론,54700177920
080530,코디,54664452530
003280,흥아해운,54598734904
046110,한일네트웍스,54571046255
084650,랩지노믹스,54550925680
039290,인포뱅크,54511242060
318000,한국바이오젠,54469827500
218150,미래생명자원,54427212620
048770,TPC,54389952900
048470,대동스틸,54300000000
000157,두산2우B,54296710400
317830,에스피시스템스,54250362000
014130,한익스프레스,54120000000
039980,리노스,54056324595
115500,케이씨에스,54000000000
153490,우리이앤엘,53892000000
900280,골든센츄리,53826420000
020180,대신정보통신,53800481000
205500,액션스퀘어,53732438500
093640,다믈멀티미디어,53722716600
054630,에이디칩스,53682923120
011000,진원생명과학,53609453865
900080,에스앤씨엔진그룹,53464144176
226440,한송네오텍,53461360800
007610,선도전기,53370000000
219550,MP한강,53307731260
131180,딜리,53270250000
004140,동방,53210284920
031310,아이즈비전,53153574380
208140,정다운,53069595040
33637K,두산솔루스1우,53038080000
054920,한컴위드,53006245620
208710,바이오로그디바이스,52977105095
000040,KR모터스,52854896925
025950,동신건설,52836000000
089530,에이티세미콘,52787697900
031510,오스템,52780000000
038870,에코바이오,52771967730
264850,이랜시스,52751033400
317530,캐리소프트,52737328800
008420,문배철강,52694007850
187790,나노,52627624200
054300,팬스타엔터프라이즈,52579557840
007280,한국특수형강,52574421250
049830,승일,52552199840
103840,우양,52524930000
092300,현우산업,52487667610
024830,세원물산,52438000000
030790,동양네트웍스,52436181182
065570,삼영이엔씨,52360000000
037030,파워넷,52301868970
265560,영화테크,52274980200
002870,신풍제지,52263256500
101930,인화정공,52257548000
182690,테라셈,52210031040
186230,그린플러스,52198785600
115480,씨유메디칼,51944299080
010770,평화홀딩스,51920404300
082850,우리바이오,51880149090
095910,에스에너지,51853565480
160600,에스엔텍비엠,51683588145
196300,애니젠,51666499500
253590,네오셈,51612533500
258830,세종메디칼,51578609010
114630,우노앤컴퍼니,51445327350
217820,엔에스,51352000000
277410,인산가,51292691685
018470,조일알미늄,51143399595
017250,인터엠,51140484810
263810,상신전자,51138537620
208860,엔지스테크널러지,51137010760
024740,한일단조,50964714240
221980,케이디켐,50838480000
177350,베셀,50701427040
086060,진바이오텍,50630251560
286750,나노브릭,50617143300
238120,로고스바이오,50505872200
213090,미래테크놀로지,50435293120
115530,씨엔플러스,50419474275
027580,상보,50415610680
092600,앤씨앤,50274000000
003310,대주산업,50257137000
001810,무림SP,50141437500
127710,아시아경제,50124662310
227950,마이크로텍,49947354645
001000,신라섬유,49647569300
010580,지코,49614091800
062860,티엘아이,49561054400
000105,유한양행우,49363292000
070300,한솔시큐어,49279035060
054040,한국컴퓨터,49178147400
127160,매직마이크로,49130768077
072770,율호,49082012070
025530,SJM홀딩스,49058216280
224110,에이텍티앤,49021200000
189690,포시에스,48936805830
263860,지니언스,48923028000
032800,판타지오,48784345753
140520,대창스틸,48700000000
030350,드래곤플라이,48585770185
089850,유비벨록스,48529053540
012340,뉴인텍,48371648220
067920,이글루시큐리티,48272962410
138070,신진에스엠,48270344540
019540,일지테크,48175627500
007630,폴루스바이오팜,48156675700
115570,스타플렉스,48144855640
054540,삼영엠텍,47840000000
093240,형지엘리트,47822614930
006880,신송홀딩스,47729442030
030720,동원수산,47701501250
053110,소리바다,47630280060
065500,오리엔트정공,47471897610
126640,화신정공,47467922535
154030,아시아종묘,47367870460
053270,구영테크,47245571460
053050,지에스이,47230465275
008370,원풍,47160000000
006110,삼아알미늄,47025000000
001620,케이비아이동국실업,46889871120
050960,수산아이앤티,46851940000
053290,NE능률,46684987450
088790,진도,46679040000
208350,지란지교시큐리티,46569452670
170030,현대공업,46480200000
050090,휘닉스소재,46461369024
101390,아이엠,46445487000
031980,피에스케이홀딩스,46425310560
029480,바른테크놀로지,46329164635
111820,지와이커머스,46253270250
096300,베트남개발1,46192577361
004830,덕성,46099200000
085670,뉴프렉스,46014384825
032540,TJ미디어,45974309700
046310,백금T&A,45919278185
096610,알에프세미,45883480500
290270,휴네시온,45828595440
054180,중앙오션,45523518625
001210,금호전기,45429970500
024910,경창산업,45311041325
008470,부스타,45301872000
003465,유화증권우,45263940750
038620,위즈코프,45237849380
002220,한일철강,45202718250
106080,하이소닉,45201920400
002290,삼일기업공사,45198000000
038160,팍스넷,44859758440
219750,지티지웰니스,44831208240
023150,MH에탄올,44713867560
075970,동국알앤에스,44712000000
039240,경남스틸,44625000000
208370,셀바스헬스케어,44614391940
028080,휴맥스홀딩스,44461483710
155900,바다로19호,44460011700
139050,데일리블록체인,44452295100
28513K,SK케미칼우,44197701000
036620,버추얼텍,44166627946
159910,스킨앤스킨,44148016080
021650,한국큐빅,44146520100
109080,옵티시스,44129880000
052460,아이크래프트,44115966720
032580,피델릭스,43920776220
214310,세미콘라이트,43874468124
036640,HRS,43830864000
263020,디케이앤디,43784459280
215790,이노인스트루먼트,43710186095
141020,포티스,43708109441
023350,한국종합기술,43635750000
043710,서울리거,43535079300
145270,케이탑리츠,43518457355
024850,피에스엠씨,43417927455
042600,새로닉스,43109801780
071850,캐스텍코리아,43079888800
079810,디이엔티,43052388720
085810,알티캐스트,42870783200
000760,이화산업,42840000000
085910,네오티스,42788139030
127120,디엔에이링크,42750115225
269620,시스웍,42750000000
039230,에이아이비트,42684292357
005820,원림,42680000000
128540,에코캡,42657284000
017000,신원종합개발,42638094345
033230,인성정보,42627152975
104040,대성파인텍,42569742160
184230,SGA솔루션즈,42544198280
101170,우림기계,42525000000
033050,제이엠아이,42516041310
051390,YW,42469076320
33637L,두산솔루스2우B,42468090000
009180,한솔로지스틱스,42452621625
053660,현진소재,42446895000
293580,나우IB,42328200000
056090,유앤아이,42318672300
081580,성우전자,42182148960
014910,성문전자,42091611120
297570,알로이스,41937181880
024070,WISCOM,41917807930
065440,이루온,41730780600
070590,한솔인티큐브,41638563000
109820,진매트릭스,41444417425
007120,미래아이앤지,41434927360
024900,덕양산업,41357524600
066910,손오공,41285607135
065420,에스아이리소스,41281932996
018500,동원금속,41191095973
011420,갤럭시아에스엠,41186717780
222980,한국맥널티,41043750000
075130,플랜티넷,41036800000
203450,유니온커뮤니티,40954429530
007770,한일화학,40891500000
015540,메디파트너생명공학,40806250630
025880,케이씨피드,40786693520
089150,케이씨티,40731250000
038950,파인디지털,40638844700
258790,소프트캠프,40612031250
008775,호텔신라우,40526278100
032960,동일기연,40396225800
131220,대한과학,40254246000
011300,성안,40198507020
154040,솔루에타,40173551870
204840,지엘팜텍,40078441760
066110,한프,40074896400
122690,서진오토모티브,40059554300
002680,한탑,39936000000
099410,동방선기,39878250890
071950,코아스,39870300900
032080,아즈텍WB,39865858795
205470,휴마시스,39864678970
079000,와토스코리아,39672000000
136510,쎄미시스코,39474000000
307180,아이엘사이언스,39302557365
010640,진양폴리,39300000000
192390,윈하이텍,39217377280
012620,원일특강,39160000000
123010,아이에이네트웍스,39159801400
038110,에코플라스틱,39017442400
066790,씨씨에스,38895837705
114570,지스마트글로벌,38894124507
008110,대동전자,38814653900
220180,핸디소프트,38800000000
044180,KD,38784885480
023810,인팩,38750000000
175140,인포마크,38724513600
065690,파커스,38678919930
059100,아이컴포넌트,38253352600
045300,성우테크론,38112028220
141070,맥스로텍,38086222625
076080,웰크론한텍,38028929250
071090,하이스틸,37998936000
096640,멜파스,37979827700
900120,씨케이에이치,37979133208
038010,제일테크노스,37755000000
900070,글로벌에스엠,37674521568
002690,동일제강,37275000000
064480,브리지텍,37232037500
098120,마이크로컨텍솔,37158064020
221610,한솔씨앤피,37021348710
014940,오리엔탈정공,37005812732
215090,유니맥스글로벌,36954609325
33626L,두산퓨얼셀2우B,36582175000
212560,네오오토,36461078690
189860,서전기전,36273437200
010420,한솔PNS,36272631240
172580,하이골드12호,36198487500
254120,자비스,36193132760
048830,엔피케이,36043551775
053160,프리엠스,36000000000
052600,한네트,35905288500
150900,파수닷컴,35882951760
237750,피앤씨테크,35861232000
275630,에스에스알,35636550150
101730,조이맥스,35594404290
060260,뉴보텍,35492563730
001420,태원물산,35340000000
023960,에쓰씨엔지니어링,35273387670
219130,타이거일렉,35233738200
123330,제닉,35210000000
122800,썬텍,35153085000
019990,에너토크,35121916800
134580,디엠티,34931250000
005320,국동,34909137340
181340,이즈미디어,34802794000
005450,신한,34727938855
018700,바른손,34722726975
043590,크로바하이텍,34717000000
226350,아이엠텍,34698846252
049800,우진플라임,34600000000
119500,포메탈,34534681280
130500,GH신소재,34375000000
019570,리더스 기술투자,34349976180
006200,한국전자홀딩스,34306698688
012860,모베이스전자,34020000000
204990,코썬바이오,34019212995
003720,삼영화학,34000000000
060300,레드로버,33938995780
087600,픽셀플러스,33850382910
225590,패션플랫폼,33695441945
279600,미디어젠,33673920060
016920,카스,33646478320
049470,SGA,33515038557
087730,에스모 머티리얼즈,33256311435
072950,빛샘전자,33240000000
058450,일야,33231000000
035200,프럼파스트,33229964850
035460,기산텔레콤,33090561800
058420,제이웨이,33085807050
082660,나인컴플렉스,33075830760
161570,THE MIDONG,33031327470
003680,한성기업,32890129480
110020,전진바이오팜,32612310400
032280,삼일,32589315900
019770,서연탑메탈,32561750000
067730,로지시스,32412999340
058530,슈펙스비앤피,32193497232
025870,신라에스지,31920000000
159650,하이골드8호,31675099125
037400,우리조명,31652649420
093380,풍강,31564405035
101670,코리아에스이,31563000000
090150,광진윈텍,31534653145
091440,텔레필드,31475782620
009140,경인전자,31415940000
043100,솔고바이오,31374802290
015020,이스타코,31367371200
067010,이씨에스,31176328700
021880,메이슨캐피탈,31044719704
098660,에스티오,30752400960
134060,이퓨쳐,30523200000
035290,더블유에프엠,30199109750
073190,듀오백,30039780400
158310,스타모빌리티,29696239320
18064K,한진칼우,29683159800
012170,키위미디어그룹,29592697500
197140,디지캡,29456012170
060380,동양에스텍,29450000000
043260,성호전자,29225993303
153360,하이골드3호,29069622000
015260,에이엔피,28726349196
079170,한창산업,28392000000
103130,웅진에너지,28285852308
108675,LG하우시스우,28079376000
099520,ITX엠투엠,28074753355
045340,토탈소프트,27813630000
064520,바른전자,27763351000
153460,네이블,27719909430
226400,오스테오닉,27701476150
084180,수성,27659549400
003475,유안타증권우,27632133680
187270,신화콘텍,27489819950
173130,오파스넷,27456651640
044780,에이치케이,27296035825
080580,오킨스전자,27166271130
020400,대동금속,27070916000
011230,삼화전자,27033774900
032860,글로스퍼랩스,26996094280
054340,피앤텔,26927340520
008830,대동기어,26872684800
217190,제너셈,26745980700
069140,누리플랜,26716235975
001465,BYC우,26707740000
222810,한류AI센터,26603406060
000950,전방,26292000000
130740,티피씨글로벌,26224176660
077280,한컴지엠디,26180104275
196700,웹스,26164089160
001770,신화실업,26119877000
026910,광진실업,25397430825
054220,비츠로시스,25363340295
039740,한국정보공학,25338134520
052770,와이디온라인,25295832170
105330,케이엔더블유,25079767210
900110,이스트아시아홀딩스,25070157780
003925,남양유업우,24999300000
043360,디지아이,24930000000
051980,센트럴바이오,24819421040
103230,에스앤더블류,24516000000
009620,삼보산업,24274547082
054410,케이피티유,24212100000
204210,모두투어리츠,24184858350
067770,세진티에스,24098221910
012600,청호컴넷,23928019290
023790,동일철강,23871526250
004365,세방우,23832555000
002420,세기상사,23640336000
011080,형지I&C,23529223472
140910,에이리츠,23231744880
006125,SK디스커버리우,23229580500
101680,한국정밀기계,22648780000
024940,PN풍년,22600000000
191410,육일씨엔에쓰,22330807470
002355,넥센타이어1우B,22165000000
121850,코이즈,22038469310
223310,이에스브이,22019003905
007530,영신금속,22008540120
008500,일정실업,21960000000
121890,에스디시스템,21759425090
115610,이미지스,21435212760
004920,씨아이테크,21197015556
025890,한국주강,21148314330
028040,미래SCI,21140365940
00806K,대덕전자1우,21137327640
058110,멕아이씨에스,21070695000
227100,디자인,20941361700
005030,부산주공,20258394762
003495,대한항공우,20049831700
069330,유아이디,20030929520
013720,청보산업,19751731965
080440,에스제이케이,19683093700
195440,퓨전,19584688500
113810,디젠스,19544202549
000087,하이트진로2우B,19438373600
096870,엘디티,19133616000
033790,스카이문스테크놀로지,18999981000
019490,하이트론,18998074725
003415,쌍용양회우,18987325500
197210,리드,18870304998
001685,대상우,17881410150
053060,세동,17428554000
319400,엔에이치스팩14호,17326200000
009415,태영건설우,17237415200
123260,파인넥스,16834861995
123750,알톤스포츠,16315260160
323940,케이비제18호스팩,15761330000
291230,삼성스팩2호,15439750000
273060,엔에이치스팩12호,15395500000
005257,녹십자홀딩스2우,15058622000
145995,삼양사우,13859121500
033600,럭슬,13652670400
009835,한화케미칼우,13597217700
019175,신풍제약우,13354000000
000885,한화우,13204549700
194510,파티게임즈,13125755600
328380,미래에셋대우스팩3호,13093640000
000075,삼양홀딩스우,13089696900
277480,신한제4호스팩,12290450000
005725,넥센우,12242040000
000725,현대건설우,12159288000
004255,NPC우,12038400000
336060,유안타제5호스팩,11889650000
007815,코리아써우,11547467550
317320,한화에스비아이스팩,11466800000
002025,코오롱우,11355914500
284620,하나금융11호스팩,11342100000
317030,케이비17호스팩,11167745000
001515,SK증권우,11150664900
002995,금호산업우,10609255800
307070,SK4호스팩,10552200000
332290,대신밸런스제7호스팩,10514100000
291210,한국제7호스팩,10423600000
307750,대신밸런스제6호스팩,10195350000
099340,하나니켈1호,10172021400
08537M,루트로닉3우C,10153704000
008355,남선알미우,10098792000
333050,신한제6호스팩,10070100000
004105,태양금속우,10065000000
192410,감마누,9969806400
306620,DB금융스팩6호,9922000000
281740,동부스팩5호,9825200000
003535,한화투자증권우,9792000000
335890,IBKS제11호스팩,9651850000
307870,상상인이안1호스팩,9618750000
083470,KJ프리텍,9560730123
313750,유안타제4호스팩,9509250000
309930,삼성머스트스팩3호,9409500000
307160,하나머스트제6호스팩,9409500000
270520,하나금융10호스팩,9342060000
281410,한국제6호스팩,9268050000
322780,DB금융스팩7호,9191000000
317240,하이제4호스팩,9152000000
265920,한화수성스팩,9102000000
012205,계양전기우,8988000000
261200,하나금융9호스팩,8967300000
332710,하나금융14호스팩,8886150000
299170,IBKS제10호스팩,8811550000
287410,유안타제3호스팩,8808800000
333430,미래에셋대우스팩4호,8801950000
330990,케이비제19호스팩,8774040000
323230,신한제5호스팩,8749300000
337450,SK5호스팩,8706200000
001745,SK네트웍스우,8682707200
001795,대한제당우,8330346600
014825,동원시스템즈우,8199562200
267320,교보7호스팩,8180700000
271740,한국제5호스팩,8180000000
331380,유진스팩5호,8040050000
000225,유유제약1우,7968258950
083380,동북아13호,7928300000
083370,동북아12호,7928300000
007575,일양약품우,7811154000
329560,상상인이안제2호스팩,7719250000
307280,교보8호스팩,7681800000
276920,IBKS제7호스팩,7628500000
030270,에스마크,7547575598
005745,크라운해태홀딩스우,7509075000
004415,서울식품우,7507687500
006345,대원전선우,7378678000
000145,하이트진로홀딩스우,7368176500
311270,키움제5호스팩,7326000000
323280,신영스팩5호,7255350000
010145,삼성중공우,7235235000
279410,한화에이스스팩4호,7147275000
321260,유진스팩4호,7049800000
004985,성신양회우,7032766200
310840,엔에이치스팩13호,6993900000
310870,한국제8호스팩,6925500000
014915,성문전자우,6870000000
004565,현대비앤지스틸우,6766883200
004545,깨끗한나라우,6481032000
335870,IBKS제12호스팩,6442800000
000995,DB하이텍1우,6312159200
310200,미래에셋대우스팩2호,6206750000
011155,CJ씨푸드1우,6180000000
090355,노루페인트우,6066950600
26490K,크라운제과우,5894527200
021045,대호피앤씨우,5790966090
032685,소프트센우,5714280000
003075,코오롱글로벌우,5567893400
084695,대상홀딩스우,5435217900
014285,금강공업우,5031633750
005965,동부건설우,4954817400
001755,한양증권우,4882500000
004835,덕성우,4795440000
001065,JW중외제약우,4627918750
002785,진흥기업우B,4431817060
002787,진흥기업2우B,4274716000
009275,신원우,4146818000
001525,동양우,3854641440
016385,동부제철우,3811689000
00781K,코리아써키트2우B,3777429180
001067,JW중외제약2우B,3682790500
099350,하나니켈2호,3678080000
000545,흥국화재우,3651840000
000325,노루홀딩스우,3427125000
001799,대한제당3우B,3384021600
149940,모다,3279863395
000547,흥국화재2우B,3148800000
000227,유유제약2우B,3010868000
001527,동양2우B,2882034460
001529,동양3우B,2480813300
